id,name,slug,website,one_liner,long_description,batch,status,team_size,all_locations,industry,subindustry,tags,industries,regions,stage,isHiring,nonprofit,top_company,small_logo_thumb_url,launched_at
fl-1,Musical.ly,musical-ly,,Video-based social network,"Musical.ly was a short-form video app founded in 2014 that merged into TikTok. Here's their story, from the beginning to the acquisition.",,Acquired,175,China,Social Media,Social Media,Acquisition Flu,Social Media,China,,False,False,False,,1388534400
fl-2,Justin.tv,justin-tv,,Online video streaming platform,Justin.tv was an early live-streaming site that evolved into Twitch before its closure in 2014. Discover the story behind its rise and fall.,,Inactive,75,United States,Social Media,Social Media,Multiple Reasons,Social Media,United States,,False,False,False,,1167609600
fl-3,Toys R Us,toys-r-us,,"Toy, baby, and clothing retail store","With over 1,400 stores, Toys R Us' sudden demise shocked the business world. This article analyzes the growth and demise of the toy retail giant.",,Inactive,10000,United States,Entertainment,Entertainment,Bad Business Model,Entertainment,United States,,False,False,False,,-410227200
fl-4,Houseparty,houseparty,,Video-based social media app,Hosueparty was shut down in October 2021 as the number of users declined after lockdowns were lifted and Epic decided to shift its focus to other projects.,,Inactive,30,United States,Social Media,Social Media,Lack of Focus,Social Media,United States,,False,False,False,,1293840000
fl-5,Xinja,xinja,,Australia's first licensed neobank,"Looking back at Xinja –Australia's first licensed neobank, which raised $150M and shut down only 3 years laters.",,Inactive,75,Australia,Finances,Finances,Bad Business Model,Finances,Australia,,False,False,False,,1483228800
fl-6,Quirky,quirky,,Community-led invention platform,"Quirky was a community-led invention platform backed by $180M in investment, yet it filed for bankruptcy. Here's their story.",,Inactive,75,United States,Finances,Finances,Multiple Reasons,Finances,United States,,False,False,False,,1230768000
fl-7,Atrium,atrium,,Modern law firm for startups,"A look back into how Atrium, the legal startup co-founded by Justin Kan, raised $75M but shut down 36 months after due to lack of PMF.",,Inactive,175,United States,Software & Hardware,Software & Hardware,Lack of PMF,Software & Hardware,United States,,False,False,False,,1483228800
fl-8,Glitch,glitch,,Social MMO Browser Game,Glitch was a browser-based social MMO game that raised $12.2M. They had to close doors after failing to find a buyer to keep running the game.,,Inactive,30,United States,Entertainment,Entertainment,Bad Business Model,Entertainment,United States,,False,False,False,,1262304000
fl-9,Yogome,yogome,,Educational Mobile Games for Kids,"Yogome was an educational gaming startup for kids, that raised $36.5M. After manipulating internal metrics to impress investors, they were forced to shut down.",,Inactive,75,Mexico,Education,Education,Bad Management,Education,Mexico,,False,False,False,,1262304000
fl-10,Tink Labs,tink-labs,,Smartphone Supplier for Hotel Chains,Tink Labs was the first Hong Kong unicorn. They raised +$160M from investors but had to shut down due to an unproven business model.,,Inactive,375,Hong Kong,Travel,Travel,Bad Business Model,Travel,Hong Kong,,False,False,False,,1325376000
fl-11,Daqri,daqri,,Augmented Reality Experiences,Daqri was an AR (augmented reality) startup that ran out of money despite managing to raise $275 million.,,Acquired,175,United States,Software & Hardware,Software & Hardware,Lack of Funds,Software & Hardware,United States,,False,False,False,,1262304000
fl-12,Katerra,katerra,,Transforming Construction Through Innovation,Katerra tried to become the Salesforce of construction but shut down due to lack of focus after $1.6Bn in funding. Here's their story.,,Inactive,7500,United States,Software & Hardware,Software & Hardware,Lack of Focus,Software & Hardware,United States,,False,False,False,,1420070400
fl-13,HubHaus,hubhaus,,Platform for co-living spaces,"Hubhaus offered an online platform to rent a house and find people willing to live with you. They even achieved PMF, but COVID came and they shut down.",,Inactive,30,United States,Software & Hardware,Software & Hardware,Bad Timing,Software & Hardware,United States,,False,False,False,,1451606400
fl-14,ScaleFactor,scalefactor,,Finance and accounting software for SMEs,-,,Inactive,175,United States,Finances,Finances,Poor Product,Finances,United States,,False,False,False,,1388534400
fl-15,Desti,desti,,Online travel guide app,"## What was Desti?

Desti -a spin-out from SRI International- was a traveling and mapping iPad app that used AI to help its user plan their trips and find the best destination based on their preferences. After the user set his preferences the app would essentially work as a search engine finding hotels, restaurants or any other location based on the data and reviews found online regarding said destination. It would then choose and present the one that most closely matched the user's specifications.",,Acquired,6,United States,Travel,Travel,Bad Business Model,Travel,United States,,False,False,False,,1293840000
fl-16,HotelsAroundYou,hotelsaroundyou,,Booking of same-day hotel rooms,"## What was HotelsAroundYou?

HotelsAroundYou was an India focused service centered on last minute and short stay bookings. It offered users with the option to book hotels for two types of stays: day transit option or night use hotel. The app featured hotels that had unsold rooms and got a commission when users booked a hotel through the app.",,Inactive,6,India,Travel,Travel,Competition,Travel,India,,False,False,False,,1356998400
fl-17,HiGear,higear,,Private car-sharing club for luxury and sports cars,"## What was HiGear?

HiGear was a San Francisco peer-to-peer online company that listed luxury cars for rent. Registered users could lease a luxury car for a determined amount of time after going through background checks and paying security deposits.",,Acquired,6,United States,Transportation,Transportation,Legal Challenges,Transportation,United States,,False,False,False,,1293840000
fl-18,Zirtual,zirtual,,Dedicated virtual assistants for busy professionals,"## What was Zirtual?

Zirtual was an online agency that provided services for companies. The firm essentially worked as a matchmaker between busy entrepreneurs with small companies with efficient and ready to work virtual assistants (VA).
The company was quite successful and at its height employed over 400 people based in the U.S, from 39 States. The Zirtual Assistants (ZAs, as they were called) took care of assigned administrative tasks, from scheduling meetings, answering emails, making arrangements for travel but also did research and were recruited to build social engagement.",,Inactive,175,United States,Software & Hardware,Software & Hardware,Mismanagement of Funds,Software & Hardware,United States,,False,False,False,,1293840000
fl-19,RoomsTonite,roomstonite,,Last-minute hotel booking provider,"## What was RoomsTonite?

RoomsTonite was a last-minute hotel booking app for people that decided to travel in or to India. It focused on listing hotels that had vacant rooms and could be filled on short notice. The app was free to download and could be found on the Apple and Google Store. The app specifically let people search and book rooms at a discounted price from about 4,000 hotels across 325 locations. The booked room was supposed to be filled on the same day or within 72 hours.",,Inactive,175,India,Travel,Travel,Lack of Funds,Travel,India,,False,False,False,,1388534400
fl-20,Secret,secret,,Online platform to share personal secrets,"## What was Secret?

Secret was an Android and iOS app that allowed users to post content anonymously with their circle of friends or share it with a wider public. The app gained interest - and was at one point valued at 100 million- because it provided an outlet to those that didn’t want to be bound by the ‘real name’ rule of other social applications and face consequences for sharing their opinions and preferences. It also distinguished itself from other anonymous apps in that its interest factor for users could be higher since they knew that the person that shared a certain post on the app was someone that was in their contact list or circle of friends. The app became very addictive and some users said they routinely went through the motion of uninstalling the app only to install it again soon after that. The app was especially used in Silicon Valley.",,Inactive,30,United States,Social Media,Social Media,Legal Challenges,Social Media,United States,,False,False,False,,1356998400
fl-21,Rafter,rafter,,Textbook and course material provider for schools,"## What was Rafter?

Rafter was a textbook and course material provider for schools and colleges. The company, previously known as BookRenter, initially focused only on providing textbooks to educational institutions but decided to completely change strategy to gain an upper hand on its competitors. The company rebranded as Rafter and started providing cloud-based course material.
Rafter worked with small to medium colleges in particular, which found the bulk deals they were able to get hold of with Rafter advantageous. In this way, colleges were able to lower the prices of campus store books thus encouraging students to buy course material from the university instead of off-campus sites. Rafter also allowed instructors to find, sample and manage course material and provided digital books, audio, and video media as well as codes to access various online courses platforms.",,Acquired,75,United States,Education,Education,Competition,Education,United States,,False,False,False,,1136073600
fl-22,Netscape,netscape,,Developed enterprise software solutions,"## What was Netscape?

Netscape, or more precisely, Netscape Navigator, was one of the most significant internet applications in the history of the web. It was launched by Marc Andreessen and Jim Clark. Having built a highly innovative product and having no real competition back in 1995, the company was evaluated at $3 billion since the first day it went public and would go on to become one of the backbones to the Mozilla project.",,Inactive,7500,United States,Productivity,Productivity,Poor Product,Productivity,United States,,False,False,False,,757382400
fl-23,Sharingear,sharingear,,Marketplace for musicians to rent their instruments,"## What was Sharingear?

Sharingear was a peer to peer musical gear sharing platform for independent musicians and touring bands. The startup’s founder, who had a decade of experience in the touring business, experienced first hand how the logistics of touring can be challenging, especially for small musicians. Sharingear's hoped to make touring more affordable and accessible. Users could create a profile and post the musical instruments or gears they had for free so that others could buy it or rent it.",,Inactive,6,Denmark,Music,Music,Multiple Reasons,Music,Denmark,,False,False,False,,1388534400
fl-24,PepperTap,peppertap,,Large and fast grocery delivery service,"## What was PepperTap?

PepperTap provided online shopping platform that addressed customers' need to buy groceries from local markets by delivering the goods to their doorsteps. It targets buyers from different groups of cities, divided into three tiers.
The service helps in solving the problems of long queues in the market, limited parking spaces and manipulative intermediaries. Grofers, their main competitor, focused only on big cities to reduce management costs.
Another strong competitor of theirs is BigBasket which manages its own inventory and operates as a mega wholesaler, while PepperTap obtains their inventory from local suppliers.",,Inactive,3000,India,Food & Beverage,Food & Beverage,Poor Product,Food & Beverage,India,,False,False,False,,1388534400
fl-25,Zulily,zulily,,Online retailer that offered daily deals,"## What was Zulily?

Zulily was an online retailer providing daily deals on various products.
The site offered heavily discounted invite only flash sales to its customers and gained huge popularity and rave reviews in its first operational months.
Most products were initially from little-known brands and included prenatal care products, baby gear, travel accessories, bedding and bath, children's clothing, toys, DVDs, and educational materials.",,Inactive,3000,United States,e-Commerce,e-Commerce,Bad Marketing,e-Commerce,United States,,False,False,False,,1230768000
fl-26,EventVue,eventvue,,Built online communities for conferences,"## What was EventVue?

EventVue was as a social private network whose aim was to assist online communities to have a better conference networking experience. This platform helped attendees connect from different parts even before they met at the conference. The platform sought to make social connections easier for people who frequently traveled to attend conferences around the world but end up not knowing or not interacting with their fellow attendees before and after they got to the event. The startup later pivoted to become an event discovery platform.",,Inactive,6,United States,Finances,Finances,Lack of PMF,Finances,United States,,False,False,False,,1167609600
fl-27,Totsy,totsy,,E-commerce selling prenatal care products,"## What was Totsy?

Totsy, like other online shopping platforms, became widely known and used by millions of users during the era of the economic recession which brought a sudden, severe and prolonged fall in the price, value, and amount of goods. This flash sale company’s policies were extremely popular with the customers at the time, because they offered high-end fashion brands online for a low-price. They stored and sold the same fashion accessories and apparel which official stores were unable to sell for the regular price.",,Inactive,75,United States,e-Commerce,e-Commerce,Poor Product,e-Commerce,United States,,False,False,False,,1230768000
fl-28,Skully,skully,,Augmented reality motorcycle helmets,"## What was Skully?

Skully is a helmet trademark which targets motorcycle riders. News of the helmet generated considerable buzz as the company promised that their helmet would be the first Augmented Reality (AR) product of its industry offering unique technological features. The helmet comes with a rear facing camera and a heads-up display that can also be used to check contacts names and music streaming. The Skully helmet was to supposedly be the safest in the world since it offered a ""360° experience"" with its 180° blindspot camera. Riders could also avail of the hands-free voice calling and texting feature during their commutes.",,Inactive,30,United States,Transportation,Transportation,Mismanagement of Funds,Transportation,United States,,False,False,False,,1356998400
fl-29,Verelo,verelo,,Offered website monitoring services,"## What was Verelo?

Verelo was a Canadian startup that offered website monitoring services from multiple locations that notified customers when downtime, malware, or database connections were detected. It also offered uptime and performance analytics, monitoring site health and reporting services through SMS, email or phone. The website monitoring was enabled on the client’s blog or site and started checking and reporting problems should they arise. Their notifications were not an “add-on-service” but were part of the core product offering.",,Acquired,6,Canada,Analytics,Analytics,Lack of Funds,Analytics,Canada,,False,False,False,,1325376000
fl-30,Wantful,wantful,,Online gift-giving service,"## What was Wantful?

Wantful was an e-Commerce platform founded in 2011 with a base in San Francisco and New York City. The company targeted individuals looking to buy gifts for friends, family or acquaintances. Its objective was to help users by offering them personalized gift recommendations based on a set of input entered. The user needed to provide the site with information such as the gender, tastes and preferences of the person they were willing to donate the gift to and the platform would search through its inventory to bring a series of suggested items to the users. Wantful later expanded to allow users to find items for themselves as well and it even launched a series of popular products to complement their business.",,Inactive,10000,United States,e-Commerce,e-Commerce,Competition,e-Commerce,United States,,False,False,False,,1293840000
fl-31,Gowalla,gowalla,,Social Guide to world's cities,"## What was Gowalla?

Gowalla was a location-based social platform website and app that allowed users to check-in and share with others their location. It was launched in 2007 and had as a major competitor Foursquare, also a location-based app. The latter, however, has had way more success and currently boasts a user base of 45 million people while Gowalla shut down in 2012 as it reached 600,000 users.
Gowalla’s main feature was the check-in option for its users when they were close to certain “Spots”. The platform also gamified and encouraged users to actively share their location. Users could achieve a higher role and gain access to certain features if they demonstrated a high level of engagement with the app and sometimes received “items” that were provided by partner companies as promotional tools.",,Acquired,30,United States,Social Media,Social Media,Competition,Social Media,United States,,False,False,False,,1167609600
fl-32,PostRocket,postrocket,,Facebook page marketing platform,"## What was PostRocket?

PostRocket was a Facebook marketing platform, co-founded in October 2010. The company products and services were concentrated on marketers that needed a higher quality and more wide-ranging engagement on their Facebook pages so as to increase their sales. PostRocket had the goal of creating awareness by posting more engaging and friendly posts through the use of an algorithm that sorted out what the most effective posts for targeted users were. PostRocket helped FB page owners get custom content recommendations tailored to their specific customer base. Page owners could get Insights from their own panel which would help them optimize their post for type, frequency, content, and timing.",,Inactive,6,United States,Analytics,Analytics,Poor Product,Analytics,United States,,False,False,False,,1262304000
fl-33,Wesabe,wesabe,,Personal finance management website,"## What was Wesabe?

Wesabe is a former Personal Finance Management system which served its clients by helping them make better financial decisions by analyzing the client’s available financial options based on the data that the clients provided Wesabe with. The actual Wesabe web application also integrated community forums which include a dozen other people who are devoted to making smarter and better financial decisions.",,Inactive,30,United States,Finances,Finances,Bad Management,Finances,United States,,False,False,False,,1104537600
fl-34,99dresses,99dresses,,Virtual closet to trade fashion items,"## What was 99dresses?

99dresses was a fashion application marketed as a virtual model closet which offered basic inter-trade of second-hand designer dresses between users. The brain-child of this application noticed the high turnover in ladies' closets, whereby they purchase a designer fashion dress, wear it a couple of times, get bored and end up leaving the dress hanging in the closet unused for the months and years to come. The founder of the startup figured that it could be profitable and extremely fascinating to connect two or more ladies with the similar issues, tastes, and needs and have them trade clothes; and so, 99 dresses was born.",,Inactive,6,Australia,e-Commerce,e-Commerce,Multiple Reasons,e-Commerce,Australia,,False,False,False,,1262304000
fl-35,Lookery,lookery,,Demographic marketing services in social networks,"## What was Lookery?

Lookery gave statistic showcasing services that empowered organizations. These services were for companies that had vast inventory stocks but close to no client profiling. Lookery services made it so that websites could offer customers’ visitors highly relevant products for them based on the demographic data that it collected.",,Acquired,6,United States,Marketing,Marketing,Dependence on Others,Marketing,United States,,False,False,False,,1167609600
fl-36,Argyle Social,argyle-social,,Provided social media management tools,"## What was Argyle Social?

The Argyle Social was a Social media marketing tool. The company provided an easy to use, highly interactive platform for marketers to specifically improve their customers’ social media platform engagement and lead generation. Argyle was considered as having one of the best price-points in the market at some point. Widely praised for their intuitive dashboard and highly effective scheduling capabilities, Argyle had been for a period one of the most sought-after programs for many internet marketers.",,Inactive,30,United States,Marketing,Marketing,Competition,Marketing,United States,,False,False,False,,1262304000
fl-37,Karhoo,karhoo,,Cab aggregator and price comparison tool,"## What was Karhoo?

Karhoo was a cab aggregator and price comparison tool. Through its app, users could get a glance of all the licensed taxis, regulated and private cars for hire that were in the area. The user would be shown the pricing and location of the various cars on a map and they could then book rides with their cab of choice. Unlike other companies which have their own fleet of car, Karhoo relied on already available cabs and it took a 10% commision from the rides booked through its app.",,Acquired,75,United Kingdom,Transportation,Transportation,Poor Product,Transportation,United Kingdom,,False,False,False,,1388534400
fl-38,ArsDigita,arsdigita,,Agency that built solutions for e-commerce,"## What was ArsDigita?

ArsDigita was a Massachusetts based Web Development Company established in 1997. Its fundamental product was an open source toolbox called the ArsDigita Community System (ACS) that aimed to help support entrepreneurs who had an online business with their group sites by introducing the ArsDigita database. The database would prompt smooth exchanges processing, with consistent work process in every aspect of the E-organizations. The positive development of ArsDigita prompted the formation of the ArsDigita Foundation, that awarded ArsDigita prize yearly to secondary school students. The foundation also supported post-high school students to undertake a one-year software engineering course at an undergraduate level.",,Inactive,75,United States,e-Commerce,e-Commerce,Lack of Experience,e-Commerce,United States,,False,False,False,,852076800
fl-39,PoliMobile,polimobile,,Empowered campaigns with the power of mobile,"## What was PoliMobile?

PoliMobile was launched in 2011 and had at its core the goal of providing political campaigns with a strategic way to reach their potential supporters while making use of the new technology. At first, PoliMobile began as a software-as-a-benefit (SaaS) platform and later updated into a Mobile application that could be utilized over an assortment of campaigns. PoliMobile's primary goal was to engage people by making use of text messages on their mobile. The application could recognize particular groups utilizing registration information and send customized messages that were used for building and creating awareness.",,Inactive,6,United States,Marketing,Marketing,No Market Need,Marketing,United States,,False,False,False,,1293840000
fl-40,Tilt,tilt,,Social payment startup focused on crowd-funding,"## What was Tilt?

Tilt company was a social payment startup. Groups and communities used their mobile app to crowdfund various events. College students, in particular, used the mobile app to crowdfund events and settle with friends. Tilt first big mission was when they have successfully secured fundraisers for a nonprofit organization. The company sought to replace the notion of only being able to share photos and videos on a social platform by introducing social digital cash exchange as the next big thing.",,Acquired,175,United States,Finances,Finances,Lack of Focus,Finances,United States,,False,False,False,,1325376000
fl-41,Delicious,delicious,,"Bookmarking website to save, organize and discover links","## What was Delicious?

Delicious was a social bookmarking site that was founded in the year 2003 by Joshua Schachter and Peter Gadjokov. It was created to be different from other bookmarking platforms by enabling its users to store and share bookmarks.
Delicious also let users access their saved bookmarks anywhere, anytime. It was free and allowed visitors to group links, save homepages, and work collaboratively with other users too. Delicious went on to become one of the most popular social bookmarking sites on the internet.",,Active,75,United States,Productivity,Productivity,Acquisition Flu,Productivity,United States,,False,False,False,,1041379200
fl-42,Move Loot,move-loot,,Furniture online marketplace,"## What was Move Loot?

Move Loot was a San Francisco based online resale marketplace for furniture. The company’s online market stage was designed with the goal of productively offering, purchasing, stockpiling and delivering second-hand furniture to its customers. Its focus was to meet the requirement for furniture transfer and urge individuals to reuse furniture while expanding the day and age in which furniture was utilized. Its target was on persons who needed to move houses and sell their furniture or those who desired to revamp their household furniture.",,Inactive,75,United States,e-Commerce,e-Commerce,Bad Business Model,e-Commerce,United States,,False,False,False,,1356998400
fl-43,QBotix,qbotix,,Solar panels attached and regulated by robots,"## What was QBotix?

QBotix seemed like a very promising cleantech startup, so much so that it was able to raise a collective $23.5M in funding. QBotix offered solar panels that were attached and regulated by robots which could track solar light and rotate the panels automatically. The aim was that of reducing systems cost and maximize efficiency and productivity.",,Inactive,30,United States,Software & Hardware,Software & Hardware,Competition,Software & Hardware,United States,,False,False,False,,1262304000
fl-44,Fuhu,fuhu,,Designer and seller of cloud-served softwares,"## What was Fuhu?

Fuhu Inc. is most famously associated with the Nabi series of Tablets. Among the first product they came up with was urFooz which were digital trading cards, urDrive a software that permitted devices to install and run the applications straight from a USB device, and Fooz Kids a mobile device platform which was a safe browser for kids that enabled access to only selected areas of the internet. The Nabi series of red padded tablets for kids, however, is their signature product.",,Acquired,750,United States,Software & Hardware,Software & Hardware,Mismanagement of Funds,Software & Hardware,United States,,False,False,False,,1136073600
fl-45,SellanApp,sellanapp,,Connected creatives with app developers,"## What was SellanApp?

SellanApp sought to be the solution for people who had a great idea for an app but no resources or experience to actually materialize it on their own. The startup provided a crowdfunding model that would connect people with interesting apps concept with experienced app developers. After a user presented his/her app idea, anyone could show their interests in using the app and pledge to fund its development. The Apple App Store would then hopefully convert the idea into a revenue stream for the founders and the pledgers.",,Inactive,6,The Netherlands,Finances,Finances,Failure to Pivot,Finances,The Netherlands,,False,False,False,,1325376000
fl-46,Formspring,formspring,,Encouraged people to get to know each other,"## What was Formspring?

Formspring was an anonymous Q&A forum. The platform saw a rapid growth on its launch: 1 million users in less than two months. It allowed people to anonymously ask questions and send messages to other users without having to sign up.",,Inactive,30,United States,Social Media,Social Media,Legal Challenges,Social Media,United States,,False,False,False,,1230768000
fl-47,Reach.ly,reach-ly,,Analytics tool for e-Commerce sites,"## What was Reach.ly?

Reach.ly was an analytics tool for e-commerce sites providing actionable customer behavior patterns. It engaged in a real-time analytics infrastructure, which allowed e-commerce sites to engage with their customers through customized messages. Their websites tailored to uncover customer behavior and enable real-time customization. It helped the site owners understand sales and conversion rate comparison between various channels. The customers’ behavior patterns were uncovered by deploying machine for recognizing patterns and learning.",,Inactive,6,Latvia,Analytics,Analytics,Multiple Reasons,Analytics,Latvia,,False,False,False,,1293840000
fl-48,FoundationDB,foundationdb,,Scalable NoSQL layered database,"## What was FoundationDB?

FoundationDB is a NoSQL, YesACID scalable layered database that worked faster and needed less hardware than other services of its kind. FoundationDB core was private but it offered several tools as open source that many developers operated with and relied upon. In 2013, FoundationDB had released a paid and community version available for download.",,Acquired,30,United States,Software & Hardware,Software & Hardware,Acquisition Flu,Software & Hardware,United States,,False,False,False,,1230768000
fl-49,Stayzilla,stayzilla,,Indian homestay network,"## What was Stayzilla?

Stayzilla was a successful homestay network in India and it raised $33.5 million in funding. Yogendra Vasupal, the founder, launched the company, under the name Inasra Technologies, in 2005.
He then changed the name to Stayzilla in 2010, because the owner wanted to expand his services in all the cities and Zillas (Districts) in India. The company was an early Airbnb business type that provided an online platform in which homestays, ‘alternative stays’, as well as hotels could be listed.
Stayzilla had over 15000 stays in about 1100 cities across the country and in 2013 it reached the 500 bookings in a day milestone.",,Inactive,375,India,Travel,Travel,Lack of Focus,Travel,India,,False,False,False,,1104537600
fl-50,Auctionata,auctionata,,Online auction platform for art & luxury,"## What was Auctionata?

Auctionata was an online sales management firm and eCommerce organization that gave online closeout administrations of artistic items, extravagance collectibles, and others. Preceding each sale, Auctionata gave data to all things to be unloaded on its site. The auctions themselves were held in a TV-studio and streamed on the web. The closeouts were driven by an authorized salesperson and offers were acknowledged by telephone, on the web, by a truant offer, as well as from the studio floor. Auctionata utilized a framework created by its originators, enabling it to transmit the live video stream that provided a real-time working framework without delays. Auctionata was to directly to rival multinational closeout houses, including Christie's and Sotheby's. Since potential bidders never again needed to physically go to the sales, Auctionata's online sell-offs was a revolutionary innovation in the field.",,Inactive,375,Germany,e-Commerce,e-Commerce,Legal Challenges,e-Commerce,Germany,,False,False,False,,1325376000
fl-51,Tutorspree,tutorspree,,Web-based tuition services,"## What was Tutorspree?

Tutorspree wanted to enhance the way tutoring is done by making it easier for students to find quality tutors in their area. Tutorspree graduated from Y Combinator in 2011 and was known as the ""Airbnb for tutors"". People could register as a student in their educational marketplace, set their preferences and filter so that Tutorspree algorithm could pair them up with the best available tutor for them among the 7000 tutors on the platform.",,Acquired,75,United States,Education,Education,Bad Marketing,Education,United States,,False,False,False,,1262304000
fl-52,Grooveshark,grooveshark,,Web-based on-demand music application,"## What was Grooveshark?

Grooveshark was the product of two young entrepreneurs. Grooveshark was a very popular streaming platform for music that was initially web-based and also had an app version for a period of time.
Despite its early success and a dedicated user base, Grooveshark's journey was faced with challenges leading to its eventual shutdown.",,Inactive,75,United States,Music,Music,Legal Challenges,Music,United States,,False,False,False,,1136073600
fl-53,Transpose,transpose,,Smart workspace for businesses to manage projects,"## What was Transpose?

Transpose, a Seattle startup which initially took off as a note-taking app known as KustomNote, decided subsequently to implement a major strategy shift that would give full attention to its business customers. Transpose then grew into a more comprehensive information management platform, changed its name and introduced new features. It also started charging its users a monthly fee of $14.99 per to access to its tools while keeping a limited-access free plan.",,Inactive,30,United States,Productivity,Productivity,Bad Business Model,Productivity,United States,,False,False,False,,1420070400
fl-54,RewardMe,rewardme,,Intelligent CRM solution for local commerce,"## What was RewardMe?

RewardMe was the world's first real-time intelligent Customer Relationship Manager (CRM) Platform for Local Commerce and was established in 2010. The RewardMe Platform provided a way to empower trade arrangements by providing data on the consumer that could be used by local business to effectively target their consumers.",,Inactive,30,United States,Marketing,Marketing,Lack of Funds,Marketing,United States,,False,False,False,,1262304000
fl-55,Maple,maple,,High-quality food delivery startup,"## What was Maple?

Maple was a startup that prepared and delivered meals in New York. It provided its customer with complimentary maple sugar cookie in every order made. Unlike others companies, maple gave full restaurant experience for it had its own apps, delivery staff, and kitchens. The idea was to have top chefs prepare the main menu and have satellite kitchens provide the complementary dishes. Since the business didn’t have to incur in the high expenses that come when opening an actual restaurant, they could afford to provide premium dishes at an affordable price.",,Acquired,175,United States,Food & Beverage,Food & Beverage,Bad Business Model,Food & Beverage,United States,,False,False,False,,1388534400
fl-56,TeeBeeDee,teebeedee,,Network for people over 40 to share experiences,"## What was TeeBeeDee?

TeeBeeDee was a social network launched in 2007 that was aimed at people over 40. It was well built and designed featuring many of the elements that made others social networks successful. The network’s CEO, also the founder of a parenting magazine, sought to bring forth a network that appealed to baby-boomers in which they could share insights and learn from each other.",,Inactive,30,United States,Social Media,Social Media,Bad Business Model,Social Media,United States,,False,False,False,,1167609600
fl-57,Yik Yak,yik-yak,,Anonymous location-based social network,What was Yik Yak? Why was it shut down? Are there any alternatives nowadays? Find the answers to these questions and more in this article.,,Inactive,30,United States,Social Media,Social Media,Legal Challenges,Social Media,United States,,False,False,False,,1356998400
fl-58,Dazo,dazo,,India's first curated food demand platform,"## What was Dazo?

Dazo was a food tech startup based in Bangalore which emerged as a “food on demand” company that partnered with few selected restaurants and took care of the food delivery logistics. Hungry customers could find and order their perfect meal within seconds of opening the app, according to the startup founders. Dazo (formerly TapCibo) achieved this by analyzing and saving users’ behavior, preferences and direct feedback. The startup counter-intuitive approach of only working with about 20 restaurants that offered different cuisines was based on the (true) assumption that hungry customers had no patience for going through dozens of restaurants menus and reviews. What they needed was the best food delivered within minutes for an affordable price, and this is exactly what Dazo was about.",,Inactive,30,India,Food & Beverage,Food & Beverage,Competition,Food & Beverage,India,,False,False,False,,1420070400
fl-59,BitPass,bitpass,,Online payment system for digital content,"## What was BitPass?

Bitpass was a company that gave people a platform to make micropayments online. These payments were ranging from one cent to a dollar. BitPass developed an online payment system for digital content and services like the downloadable music and PDFs. Mperia, an online music store founded in 2003, was one of its greatest projects for unsigned artists. BitPass customers included giants such as Disney and Microsoft.",,Inactive,75,United States,Finances,Finances,Competition,Finances,United States,,False,False,False,,1009843200
fl-60,Flowtab,flowtab,,Mobile app to order drinks on nightclubs,"## What was Flowtab?

Flowtab was a mobile app that wanted to use technology to solve the problem of long queues in bars and hospitality venues. Flowtab created an app that would show users a list of drinks they could order from their mobiles without having to wait for the bartender to take their order. The app was connected to the bar's iPad which would then sync the orders to the POS terminal of the bar and payments would be are sent to the bar's bank account.",,Inactive,75,United States,Food & Beverage,Food & Beverage,Bad Business Model,Food & Beverage,United States,,False,False,False,,1293840000
fl-61,Moped,moped,,Free messaging application,"## What was Moped?

Moped was a social app available for every device. Registered users could send and receive messages from their network connections. Beside the messaging service for both private and business purposes, Moped also offered a variety of other services to its users online. Some of its features included the possibility to upload the content and share it online with other users through Dropbox, or even to explore what nearby places offer good services, food, party, etc, by partnering with the Foursquare App. Moped also allowed all registered users to perform complex tasks by using multiple apps at the same time, with the help of the integrated IFTTT (if this, then that) app.",,Acquired,30,Germany,Social Media,Social Media,No Market Need,Social Media,Germany,,False,False,False,,883612800
fl-62,RethinkDB,rethinkdb,,Scalable database for the real-time web,"## What was RethinkDB?

RethinkDB was an open-source database, the first of its kind that makes use of a distributed and scalable NoSQL database. RethinkDB was built from its inception for real-time web applications. It provided solutions to make processes faster and more reliable such as using live push updates instead of the traditional and slower polling for data in queries.",,Acquired,30,United States,Software & Hardware,Software & Hardware,Lack of PMF,Software & Hardware,United States,,False,False,False,,1230768000
fl-63,Brisk,brisk,,Built tools for sales organizations,"## What was Brisk?

Brisk was an online sales and marketing platform founded in 2012 with the aim to help salespeople predict and analyze sales. Brisk recommend actions salespeople could do to gain optimal results. Brisk acknowledged that there were a lot of signals around sales, in the customer relationship management (CRM), in the salesforce inbox, calendar, and online, but salespeople used little of it and ended up being rather random in their actions. Brisk was there to fill that gap and help the salesforce to use all the available signals and make calculated moves that would boost their sales as well as improve CRM.",,Inactive,30,Sweden,Marketing,Marketing,Lack of Focus,Marketing,Sweden,,False,False,False,,1325376000
fl-64,Leap Transit,leap-transit,,Provider of private transit and offers bus services,"## What was Leap Transit?

Leap transit was a private transport service based in San Francisco, they offered bus services with eye-catching and comfortable interiors. Leap was supposed to fill a gap in the transport system by serving people that didn't want to pay for an Uber ride every day and yet preferred a quieter environment to the public transport offered in the city. The buses had Wi-Fi, leather seats, AC sockets. They also had a mini bar offering snacks and beverages.",,Inactive,75,United States,Transportation,Transportation,Legal Challenges,Transportation,United States,,False,False,False,,1356998400
fl-65,Teforia,teforia,,A tea brewer machine connected with an application,"## What was Teforia?

Teforia was a tea brewer that would supposedly yield the perfect cup of tea by combining traditional brewing with the power of smart technology. The app was connected to Wi-Fi, had Bluetooth capabilities, and a designated mobile app to start the machine, gain info about the tea leaves, stats, and an option to teak the brewing process. Teforia initially costed over $1000, the company also sold prepackaged leaf packets.",,Inactive,30,United States,Food & Beverage,Food & Beverage,No Market Need,Food & Beverage,United States,,False,False,False,,1388534400
fl-66,Berg,berg,,Commercialized cloud services for hardware innovators,"## What was Berg?

Berg was a cloud platform on which Little Printer, an Internet-of-Things device, worked. Berg allowed users to print out interesting news from the web, social media, etc. across devices. Little Printer looked like a receipt printer but could be used as a social letterbox, targeting mainly families. It produced little retro style printed papers that could be used for various purposes. The competitors of Berg’s Little Printer were Turtle Mail, Ink and Memo Bird.",,Inactive,30,United Kingdom,Design,Design,No Market Need,Design,United Kingdom,,False,False,False,,1104537600
fl-67,Rdio,rdio,,Digital music service provider,"## What was Rdio?

Rdio was among the first modern music streaming services to hit the American market. Rdio developers wanted to offer a product that was beautiful, flawless and social.
One of the interesting features of that app was that it would show you what your friends were listening to and would give you music recommendations based on your circle of friends’ playlists.",,Inactive,75,United States,Music,Music,Competition,Music,United States,,False,False,False,,1199145600
fl-68,OpTier,optier,,Cloud-based enterprise software business,"## What was OpTier?

OpTier was a cloud-based enterprise software business and provided customers with a business transaction monitoring platform. OpTier services included an Application Performance Management (APM) which helped businesses manage and optimize their projects with the help of contextualized large data. OpTier technology provided a way to empower trade arrangements by analyzing billions of business transactions daily and offered insights that aimed at helping companies proactively manage their businesses.",,Inactive,75,United States,Analytics,Analytics,Lack of PMF,Analytics,United States,,False,False,False,,1009843200
fl-69,Fab,fab,,Online design marketplace,"## What was Fab?

Fab is a former e-commerce company which started out as a dating site. On June 9, 2011, the owners of the site decided to entirely focus on sales and daily design inspiration. The company grew so rapidly that it even surpassed Facebook’s record when it was able to reach the 1 million subscribers milestone within six months. The company grew their sales and exposure, even more when they introduced a social-concept similar to Facebook which enabled users to share the purchases they made on Fab.com on an interface called “Inspiration wall”.",,Acquired,750,United States,e-Commerce,e-Commerce,Multiple Reasons,e-Commerce,United States,,False,False,False,,1230768000
fl-70,37Coins,37coins,,Startup that developed Bitcoin technologies,"## What was 37Coins?

37Coins has been developing new Bitcoin technologies for the hottest new markets for Bitcoins such as the Philippines and Singapore. The company is a Bitcoin wallet provider headquartered in California. 37Coins created several SMS gateway systems (SMSGateways). These servers allowed users from a certain region to receive and send Bitcoins using their so-called SMSWallets.
The Gateway is an android application that operates by connecting the user’s network service provider to the internet.",,Inactive,6,United States,Finances,Finances,Lack of Funds,Finances,United States,,False,False,False,,1388534400
fl-71,Parse,parse,,Cloud-based software developer kits,"## What was Parse?

Parse was a mBaaS (Mobile Backend as a service) platform. The firm offered a cloud-based platform for mobile apps developers with tools to let them build, run and test applications while taking care of the back-end support. Its main services were Parse Core to save data, Parse Cloud to run custom app codes, Parse Push for notification purposes, and Parse Analytics which had stats and optimization insights.",,Inactive,30,United States,Software & Hardware,Software & Hardware,Acquisition Flu,Software & Hardware,United States,,False,False,False,,1293840000
fl-72,Springpad,springpad,,"Allowed users organize projects, ideas and to-do’s","## What was Springpad?

Springpad, a startup founded in 2008 was once considered an Evernote rival. The Springpad app was designed to empower users to clip, organize, and interpret all types of web content to create a comprehensive hub of articles, videos, images, recipes and more. The Springpad app was designed to empower users by organizing content.",,Acquired,30,United States,Productivity,Productivity,Lack of Focus,Productivity,United States,,False,False,False,,1199145600
fl-73,MySpace,myspace,,Social network based on personal user pages,"## What was MySpace?

MySpace was originally launched as a side project. Started as a spin-off of Friendster, it grew rapidly to become the most popular social networking site before Facebook entered the scene. It gained 1 million users in about one month after it was officially launched in 2004 and by 2005 it had 20 million registered users.
Upon registration on the site, users were given profile pages they could personalize, write posts or blogs, connect with others through comments or messages, share art, stream their own music or that of their favorite artists. The platform principally made profits by serving ads to its users which reached about 76 million in 2008. In this article we'll explore what happened to Myspace and the reasons why it failed.
‍

## Social Media In The Early 2000s

Back in the early 2000s, MySpace wasn't just another website; it was the place to be online. This was the era when social media was just starting to take shape, and MySpace led the charge.
It wasn't only about connecting with friends; it was an icon that showed the world the power of the internet to bring people together in new and exciting ways. Looking into what happened to MySpace teaches us about the fast-paced nature of the tech world. It's a reminder that even the most popular sites need to stay fresh and relevant to their users.
MySpace was founded by people in the industry and marketing sector and their perspective of the platform was since the beginning very different from that of Facebook, which nevertheless became its primary competitor. MySpace tried first to ignore Facebook, then to copy it and lastly decided to repurpose itself as a platform for artist and musicians.",,Active,375,United States,Social Media,Social Media,Multiple Reasons,Social Media,United States,,False,False,False,,1041379200
fl-74,Admazely,admazely,,Easy-to-setup retargeting for web shops,"## What was Admazely?

Admazely was a Copenhagen based startup that offered simple to set up retargeting tools for web shops. Its objective was to give technological advertising solution for online businesses to effectively re-engage website visitors who that go through with the offerings purchase.",,Inactive,6,Denmark,Marketing,Marketing,Lack of Funds,Marketing,Denmark,,False,False,False,,1293840000
fl-75,Crowdmix,crowdmix,,Music streaming and sharing platform,"## What was Crowdmix?

Crowdmix was to be a music streaming and sharing platform on which people could listen and talk about their favorite bands. The company released a beta invite-only version of the app for DJ and musicians. The official app was never released.",,Acquired,175,United Kingdom,Music,Music,Mismanagement of Funds,Music,United Kingdom,,False,False,False,,1356998400
fl-76,Wattage,wattage,,Online platform that made creating hardware easy,"## What was Wattage?

Wattage was an online platform with an ambitious goal: break the entry barrier for hardware design. The ideal future Wattage envisioned was that of a world in which anyone could customize their electronics without needing to have any in-depth knowledge in the field. Anyone with an internet connection could start creating and customizing hardware by making use of the startup software. Once the user had all the specifications ready the product would be created with 3D printing, packed and shipped to the customer.",,Inactive,75,Canada,Software & Hardware,Software & Hardware,No Market Need,Software & Hardware,Canada,,False,False,False,,1388534400
fl-77,Shuddle,shuddle,,Safe on-demand transportation for families,"## What was Shuddle?

Shuddle launched with the ambition to become the go-to service for parents with busy schedules that needed someone to drive their kids to their classes.
Shuddle drivers, which were usually moms, teachers, and nannies, were said to have been hand-selected through the extensive screening process so as to assure kids would have a safe, reliable and on time ride service.",,Inactive,30,United States,Transportation,Transportation,Lack of Funds,Transportation,United States,,False,False,False,,1388534400
fl-78,SchoolGennie,schoolgennie,,Provide data to schools about their pain points,"## What was SchoolGennie?

SchoolGennie’s ambition was to help Indian schools, and India’s educational sector at large, to focus on and improve child development by providing management solutions that saved time, reduced overall costs and help make better administrative decisions. SchoolGennie introduced an ERP (electronic records portal) platform for schools which included services such as the Competitive Edge Software and Cloud Software Service.",,Inactive,6,India,Education,Education,Lack of Experience,Education,India,,False,False,False,,1356998400
fl-79,Take Eat Easy,take-eat-easy,,Restaurants delivered to your door,"## What was TakeEatEasy?

TakeEatEasy came into the on-demand food market with the purpose of enabling quality restaurants to provide a reliable delivery service for their customers. Their job was to align supply and demand in time and space by automatic optimization and dispatching of orders to couriers and restaurants. TakeEatEasy provided a deep integration in restaurant operations thanks to their app which customers to order dishes online, change prep time order and cancel orders. The TakeEatEasy app connected customers with reputable restaurants and delivered meals to the customer’s doorstep under one hour.",,Inactive,175,Belgium,Food & Beverage,Food & Beverage,Competition,Food & Beverage,Belgium,,False,False,False,,1356998400
fl-80,Circa,circa,,Mobile news app on diverse topics,"## What was Circa?

Circa was a promising startup in the news sector that had the ambitious mission of ‘fixing’ what was wrong with journalism. More specifically, the product this San Francisco based company came up with was a news app that pushed notifications to the user’s phone and delivered digestible bit-sized news specifically for mobiles, at a time at which no news company had yet tried the model. The company offered ‘atomized’ news rather than a summary, which means they broke down the news to its core elements; stats, facts, media, and quotes. Links to different sources were also given so that users could read the full story. Users had also the option of following up on a story and receive updates for specific news.",,Acquired,30,United States,Entertainment,Entertainment,Lack of Funds,Entertainment,United States,,False,False,False,,1293840000
fl-81,Alikolo,alikolo,,Online marketplace organization,"## What was Alikolo?

Alikolo was an eMarketplace organization started in 2014, in Indonesia. The organization's goal was to address purchasers' issues from an online stage. Alikolo’s model was such that sellers could list their product in the e-marketplace and buyers could access the sites to make their purchases. Alikolo would then ensure that the items purchased from the online stage would be delivered to their remote destinations. Initially, they incentivized the delivery by offering free shipping but when the shipping promotion stopped, their sales dropped significantly.",,Inactive,6,Indonesia,e-Commerce,e-Commerce,Lack of Experience,e-Commerce,Indonesia,,False,False,False,,1388534400
fl-82,Poliana,poliana,,Web application that simplified the legislative system,"## What was Poliana?

Poliana established with an aim of bringing order to the chaos in the political system of the United States of America. It initially tried to do that by providing a gateway for communication between politicians and their citizens. After the pivot, they started creating and designing data visualization tool using their data set for institutions like schools. Also, they created a paid access terminal that assisted people to make their own data visualization. Poliana also tried to sell information and data visualization to media groups in small and large scale depending on their audience. In particular, they collected data on who exactly funded politicians so as to create transparency and a better understanding of who’s agenda a particular politician was trying to implement since there was a high correlation between the source of the funding politicians receive and the bills they would pass (or prevent from passing).",,Inactive,6,United States,Analytics,Analytics,Bad Business Model,Analytics,United States,,False,False,False,,1356998400
fl-83,Design Inc.,design-inc,,Marketplace for high-quality design work,"## What was Design Inc.?

Design Inc. was a startup that linked clients to talented designers. Clients would post on the site the projects they needed to get done. Design Inc. allowed designers to autonomously send proposals for the projects they would like to work on while charging a small fee for it. The platform helped designers all over the world to find their dream projects and companies were happy to be able to choose from a talented pool of designers.",,Inactive,6,United States,Design,Design,Bad Business Model,Design,United States,,False,False,False,,1451606400
fl-84,Vine,vine,,Platform to share short looping video clips,What happened to Vine? Why did Vine shut down? When? Does TikTok face the same risk? Here's our detailed analysis.,,Inactive,75,United States,Social Media,Social Media,Multiple Reasons,Social Media,United States,,False,False,False,,1325376000
fl-85,HitMeUp,hitmeup,,Developed mobile marketing applications,"## What was HitMeUp?

HitMeUp was a web-based business commercial center situated in London. Its zone of specialization was instant and area-based promotions. The business application enabled clients to make area-based flash deals when it experienced low sales periods. HitMeUp had also a customer's application that gave clients the ability to see a map of flash sales and deals around them. The main objective of the app was that of connecting business with clients that were looking for deals and were ready to buy on the spot thanks to its real-time and location-based service. HitMeUp advanced through three forms; Version 1 - Web-only application, Version 2 - Mobile application in addition to Web, and Version 3 - Mobile application only.",,Inactive,6,United Kingdom,e-Commerce,e-Commerce,Lack of Experience,e-Commerce,United Kingdom,,False,False,False,,1293840000
fl-86,Stereomood,stereomood,,Music platform that provided mood-based song listings,"## What was Stereomood?

Stereomood was an online platform for streaming music which instead of being based on genre or musical interest, it categorized and streamed songs according to the users’ mood. Users could hear and create their own playlist as well as share music with other members depending on how they felt at any particular time.",,Acquired,30,Italy,Music,Music,Acquisition Flu,Music,Italy,,False,False,False,,1230768000
fl-87,Appiterate,appiterate,,Mobile marketing automation platform,"## What was Appiterate?

Appiterate was a mobile marketing company, which specializes in creating “precise and targeted” user experience based on the user’s previous activity on both applications and websites. Appiterate delivered a lot of personalized notifications on its campaigns each month, roughly around 100 million targeted and specific notifications for various platforms of different e-commerce sites. This target-specific campaign technique by Appiterate landed some huge scores for those e-commerce sites who reportedly had a whopping 300% increase in their total revenue.",,Acquired,6,United States,Marketing,Marketing,Acquisition Flu,Marketing,United States,,False,False,False,,1356998400
fl-88,Sunrise,sunrise,,Calendar app for mobile and desktop,"## What was Sunrise?

Sunrise was a calendar app for mobile and desktop. One of the main features of the app was to connect users and calendars from different providers using different web and mobile platforms, from iOS and Android devices to MacBook and Microsoft devices as well as web clients. Through Sunrise, users could access calendars from their Gmail, iCloud and Microsoft Exchange all with the goal to simplify the use of calendars and the event planning process.",,Acquired,30,France,Productivity,Productivity,Bad Business Model,Productivity,France,,False,False,False,,1325376000
fl-89,Dinnr,dinnr,,Ingredients and recipe to create meals at home,"## What was Dinnr?

Dinnr was a web platform which allowed customers to select a recipe on the website and order pre-measured ingredients accompanied with printed instruction which would be delivered to them on the same day. The only item clients were required to have at home, besides an equipped kitchen, were oil, salt, and pepper. Dinnr did not provide readymade food, it only provided the customer with ingredients and instructions. An exception was made on popular celebrations like Valentine’s Day, Christmas, and Thanksgiving, where they actually offered special ready to eat meals.",,Inactive,6,United Kingdom,Food & Beverage,Food & Beverage,No Market Need,Food & Beverage,United Kingdom,,False,False,False,,1325376000
fl-90,Selltag,selltag,,Platform for people to sell and buy items,"## What was Selltag?

Selltag was a web-based buy & sell platform which later integrated their services with a mobile app and social network available in both iOS and Android app stores. It allowed registered users to create a network of their own products, lists of services, and even advertisements in order to buy or sell goods from other users in the network. Digitally created content was also considered as a trading good that could be easily exchanged or bought. Selltag also provided customers with externally shareable links to their products so that other non-registered users could see them and possibly become involved in the negotiation.",,Inactive,30,Spain,e-Commerce,e-Commerce,Failure to Pivot,e-Commerce,Spain,,False,False,False,,1388534400
fl-91,Kiko,kiko,,Ajax-style online calendar application,"## What was Kiko?

Kiko was an Ajax-style online calendar application that offered advanced features that included API integration with other websites and applications on the Internet. The app was particularly helpful to business professionals, event organizers, etc. One of the best features of the Kiko calendar app was that it had a user-friendly UI and it was possible to access one’s calendar from other computers with it. Kiko granted users the ability to invite and share calendars and events with anyone.",,Acquired,30,United States,Productivity,Productivity,Bad Management,Productivity,United States,,False,False,False,,1041379200
fl-92,Monitor110,monitor110,,Real-time internet monitoring services,"## What was Monitor 110?

Monitor 110 was an information and data gathering service that offered real-time internet monitoring services for Wall Street. It allowed investors to monitor internet sources for information and insight relevant to their investment and portfolio management. Their algorithm allowed customers to gather data and monitor 40 million online sources so as to get first knowledge of any new trend by essentially ‘listening in’ to online conversations and blogs that included keywords related to the financial market.",,Inactive,6,United States,Analytics,Analytics,Multiple Reasons,Analytics,United States,,False,False,False,,1041379200
fl-93,SpoonRocket,spoonrocket,,"Next-gen, ultra-fast delivery platform","## What was SpoonRocket?

SpoonRocket was a pre-made food delivery service with a team of chefs that produced a limited selection of healthy affordable meals each day. Customers could order an $8 meal from SpoonRocket through the company’s app or through their site. The drivers then picked up the meals, stored them in warming cases specifically designed to be inside the delivery cars and got ready to deliver the food to customers within 15 minutes of their order.",,Inactive,30,United States,Food & Beverage,Food & Beverage,Competition,Food & Beverage,United States,,False,False,False,,1356998400
fl-94,Juicero,juicero,,First home cold-pressed juicing system,"## What was Juicero?

Juicero was a juice company that collected fresh organic fruits and vegetables for the customers, prepared, and put them in special single serve packets. It offered pre-sold packets of diced fruits and vegetables.
It solved the produce gap and ensured that it took care of the washing, cutting preparing for people to eat in a simple way. It brought convenience to the people by using a Wi-Fi connected juice press that automatically squeezed the single servings packets into a glass of cold fresh juice.
Juicero stated mission was helping people attain optimal health by making it easier for them to consume fresh raw foods.",,Inactive,175,United States,Food & Beverage,Food & Beverage,Bad Business Model,Food & Beverage,United States,,False,False,False,,1356998400
fl-95,Salorix,salorix,,Online social network engagement platform,"## What was Salorix?

Salorix was an agency that offered an online networking engagement platform for brands. Through Amplify, as the AI based service was called, brands could “listen in” on ongoing social discussions which would be ranked to distinguish the most relevant key themes and influencers over different businesses for their clients. Solarix was considered to have a cutting-edge product and even received twice acquisition offers from Google in 2012 and 2013.",,Inactive,30,United States,Analytics,Analytics,Bad Management,Analytics,United States,,False,False,False,,1230768000
fl-96,Friendster,friendster,,Social gaming site focused on entertainment,"## What Was Friendster?

Friendster was a social gaming site and can be considered the first prototype of social networking sites as we know them. It was widely popular in the Asian region and boasted about 115 million registered users in 2011.
Through the platform, users could take part in online games, send messages, write comments, post media and share content with other users publicly or privately. It was also used for dating, discovering new events and joining new hobbyist circles.",,Inactive,30,Philippines,Social Media,Social Media,Lack of PMF,Social Media,Philippines,,False,False,False,,978307200
fl-97,Dopplr,dopplr,,Social travel network service,"## What was Dopplr?

Dopplr was a social travel network service. With Dopplr users could create personalized travel schedules with the option to share and link their trip plans with people in their contact list so as to coordinate a meeting or simply keep track of each other journeys. Dopplr was established in 2007 and had headquarters in the UK.",,Inactive,6,United States,Travel,Travel,Acquisition Flu,Travel,United States,,False,False,False,,1167609600
fl-98,Kitchit,kitchit,,Brought local chefs to private households,"## What was Kitchit?

Kitchit mission was to make you enjoy the dining experience by letting you book local chefs and bringing them to your doorsteps. Meals were served at the client’s home and yet were more affordable and convenient than going to high-end restaurants. Kitchit offered three signature menus that featured starter, entrée, and dessert and had meals that would appeal to vegetarians as well. Unlike other service providers which delivered ready-made meals or sent ingredients only, Kitchit made sure to take care of the whole dining process from acquiring ingredients, cooking it and cleaning up afterwards.",,Inactive,30,United States,Food & Beverage,Food & Beverage,Competition,Food & Beverage,United States,,False,False,False,,1293840000
fl-99,Frankly,frankly,,Messaging app for frank conversations,"## What was Frankly?

Frankly.me was a Q&A social platform which targeted Indian users in particular, where people could directly connect to public figures to ask them questions. Questions with the most upvotes had the most chance of being seen and replied to by celebrities. Famous people could publish a 90 seconds video on the platform (‘velfies’ or vlogs, as they were referred to) to give a response to popular posts addressed to them. Furthermore, anyone could sign up and share 90 sec videos with other users.",,Inactive,75,India,Social Media,Social Media,Lack of PMF,Social Media,India,,False,False,False,,1388534400
fl-100,Kno,kno,,Education software startup,"## What was Kno?

Kno Inc. was a California based educational software startup. The company wanted to change the traditional way students learn. Kno introduced double paneled e-textbooks packed with interactive study lessons and resources, social sharing tools, and adaptive features that were designed to keep students engaged.",,Acquired,10000,United States,Education,Education,Competition,Education,United States,,False,False,False,,1230768000
fl-101,Beepi,beepi,,P2P used car online marketplace,"## What was Beepi?

Beepi was an online peer-to-peer marketplace for used cars. Beepi promised to make the transaction easy, safe and profitable for all parties. The company would take care of inspecting, processing and eventually delivering the cars to the customers themselves. Vroom, a similar business to Beepi, requires only photos before cars are listed, while Beepi sent an inspector for on the spot inspection. Great customer service was one of Beepi’s strengths.",,Acquired,175,United States,Transportation,Transportation,Mismanagement of Funds,Transportation,United States,,False,False,False,,1356998400
fl-102,Pixate,pixate,,Platform for mobile interaction design,"## What was Pixate?

Pixate wanted to make prototyping and designing applications more accessible and effortless. Although the company was a small unit, it still had achieved a lot. Specifically, Pixate was a mobile app prototyping tool for Android and iOS that let users create and preview complicated interactions and animations. No use of code was needed to use the app that also helped improve the app design through interactive native prototypes.",,Inactive,30,United States,Design,Design,Acquisition Flu,Design,United States,,False,False,False,,1325376000
fl-103,Mailbox,mailbox,,"Inbox that made email light, fast, and mobile-friendly.","## What was Mailbox?

Mailbox launched in early 2013 and was able to gather over 1 million registrations for its trial plan.
The app promised to make your inbox more manageable, fast and efficient. It introduced the swipe option to archive emails, snooze feature to read mail later and mute unimportant conversations. Mailbox used machine learning to anticipate and sort mails for the user to always show them the most relevant messages. Many of today's email services providers have incorporated Mailbox’s innovations into their product.",,Inactive,750,United States,Productivity,Productivity,Bad Business Model,Productivity,United States,,False,False,False,,1293840000
fl-104,DotCloud,dotcloud,,"Enabled developers to host, assemble and run their applications","## What was dotCloud?

dotCloud was a platform as a service (PaaS) for developers that enabled them to host, assemble and run their applications on the service. Through dotCloud, numerous organizations found a safe and stable stage to maintain their organizations. dotCloud gave origin to the Docker project which became so successful that the company changed its name to Docker. As the potentials for Docker increased, the team decided to concentrate on it and sold off dotCloud to Berlin-based company CloudControl.",,Inactive,375,United States,Software & Hardware,Software & Hardware,Mismanagement of Funds,Software & Hardware,United States,,False,False,False,,1199145600
fl-105,LayerVault,layervault,,Allowed users to store and collaborate on design work,"## What was LayerVault?

LayerVault's idea was to build a high-growth business in the design industry. The app helped you store, track, review, and deliver design work. The platform also gave its subscribers unlimited file storage and real-time updates and it had a companion iOS app. It built some good technology that explored new ideas and addressed a common need (pain) in the design community.",,Inactive,30,United States,Design,Design,Lack of Funds,Design,United States,,False,False,False,,1293840000
fl-106,Zoomo,zoomo,,P2P transactions of pre-owned cars,"## What was Zoomo?

Zoomo was a Bangalore-based company that started with the goal of building trust in the Indian used cars market. Unlike many car portals, Zoomo did not open up their marketplace to other car dealers. Instead, it decided to only list cars after thoroughly inspecting them.The car would then be sold through peer-to-peer transactions. Zoomo’s aim was to offer a reliable and trustworthy platform where customers would be assured of the quality of the cars and that they would be given a fair, standardized price. The startup caught the attention of some savvy investors and was able to raise over $7 million through venture capital.",,Inactive,30,India,Transportation,Transportation,Bad Business Model,Transportation,India,,False,False,False,,1388534400
fl-107,Shipbeat,shipbeat,,Shipping API for e-commerce companies,"## What was Shipbeat?

Shipbeat was a location-based platform designed primarily as an aid to small to medium-sized e-commerce businesses. Shipbeat aimed to help companies deal with logistics issues while maintaining their services at the top of their game. The idea was derived from the need to have a modern and reliable service provider, which could, in turn, lead to greater savings and revenues for the online retailer. Shipbeat also wanted to make the process of delivering goods to customers more transparent and flexible.",,Inactive,30,Denmark,e-Commerce,e-Commerce,Multiple Reasons,e-Commerce,Denmark,,False,False,False,,1388534400
fl-108,Dinner Lab,dinner-lab,,Membership-based social dining experiment,"## What was Dinner Lab?

Dinner Lab had an intriguing approach to the on-demand food market. What Dinner Lab offered was a culinary experience that would take diners away from the traditional dining experience and let them share new dishes with a group of strangers in unusual places. People could sign up for a membership plan and would receive an invitation, ideally 2 to 4 times a month, to take part of a unique experience enriched by exotic food and new people.",,Inactive,30,United States,Food & Beverage,Food & Beverage,Bad Business Model,Food & Beverage,United States,,False,False,False,,1293840000
fl-109,Digg,digg,,Enables users to share interesting stories,"## What was Digg?

Digg stated mission on launching was that of ‘democratizing’ the content and news that people saw.
The concept was simple: anyone that found interesting content could ‘digg it’ and post it on the Digg site. The post and stories that received the most amount of upvotes were featured on Digg’s front page getting thus maximum exposure.
The site was initially a place for geeky and tech content but it soon grew to incorporate various types of content.",,Active,75,United States,Social Media,Social Media,Competition,Social Media,United States,,False,False,False,,1072915200
fl-110,Lumos,lumos,,Internet of things startup on switching technology,"## What was Lumos?

Lumos was an Internet of Things startup that sought to provide customers with the ultimate smart switching technology. The first-time entrepreneurs who came with Lumos wanted to create internet-connected devices that used machine learning and could adjust and personalize home appliances settings based on the behavior and routines of the user.",,Inactive,6,India,Software & Hardware,Software & Hardware,Lack of Experience,Software & Hardware,India,,False,False,False,,1388534400
fl-111,Turntable.fm,turntable-fm,,Online interactive platform for DJs and listeners,"## What was Turntable?

Turntable.fm was an online interactive platform on which DJ, fans and casual listeners were brought together. People could choose avatars for themselves, browse different music rooms and create a playlist.",,Inactive,6,United States,Music,Music,Bad Business Model,Music,United States,,False,False,False,,1293840000
fl-112,Sidecar,sidecar,,Provided B2B delivery transportation network,"## What was Sidecar?

Sidecar was a transportation company based in united states (US). It was founded a couple of years after Uber but was never able to catch up with it despite the fact that it had a good product built on solid technology. One of the features Sidecar introduced was that of enabling riders to set their own price. In general, the app of the company offered much more control over their riding experience both for drivers and riders.",,Acquired,75,United States,Transportation,Transportation,Competition,Transportation,United States,,False,False,False,,1293840000
fl-113,Flud,flud,,Social news reader for different platforms,"## What was Flud?

Flud was a social news reader available for iPads, iPhones, Androids and Windows platform. Flud distinguished itself from other news readers because users could save or store articles and news in the reading list for later reading. It was made to display RSS feeds from other blogs or news sites which made it easy for individuals to stream different sources of news - at the same time - on a single platform. Flud was considered as one of the best social news readers because it had a beautiful UI design, users could create profiles, follow other users, create communities and discussions around a topic and become major contributors by sharing their content.",,Inactive,30,United States,Productivity,Productivity,Multiple Reasons,Productivity,United States,,False,False,False,,1262304000
fl-114,Sprig,sprig,,Online app that provided healthy organic meals,"## What was Sprig?

Sprig delivered high-end meals to customers who were looking for healthy and nutritional menu choices.
This meal-based startup provided fast delivery times with low or no fees whenever there was low demand. The company also dominated in terms of quality of ingredients and transparency in the nutritional value. The ingredients were sometimes inspected from the point of origin by the chef so as to ensure that they had the best quality. All the ingredients used for the meals were locally-sourced, sustainable, and seasonal.",,Inactive,75,United States,Food & Beverage,Food & Beverage,Competition,Food & Beverage,United States,,False,False,False,,1356998400
fl-115,Sip,sip,,Daily tappable tech news and stories,"## What was Sip?

Recently, Product Hunt shut down Sip, their project that covered breaking news in the tech industry in a bite-size, tap-to-go-next format similar to that of Instagram, Snap, Facebook, and WhatsApp stories. Although Sip slowly built up a large userbase of over 100k unique monthly users, Ryan Hoover and Product Hunt quietly discontinued the app in early 2019 and new stories immediately stopped populating the app—read on to find out why.",,Inactive,6,United States,Productivity,Productivity,Multiple Reasons,Productivity,United States,,False,False,False,,1514764800
fl-116,MatterFab,matterfab,,Selling affordable solutions for metal 3-D printing,"## What was MatterFab?

The world of additive manufacturing has widely been promoted as the embodiment of the future. 3D printers are the machines that are making this into a reality. Using metal as the raw material for printing has made 3D printing more than just a hobby. Airline juggernauts like Airbus and General Electric have been replacing traditionally made engine parts with lighter, 3D printed ones. This saves them millions in fuel costs. The major downside to all this has been the $1 million price tag. MatterFab, founded in 2013, came to the rescue with the goal of making metal-based additive manufacturing affordable.",,Inactive,6,United States,Software & Hardware,Software & Hardware,Bad Business Model,Software & Hardware,United States,,False,False,False,,1356998400
fl-117,WOW Air,wow-air,,Ultra-low-cost transatlantic airline service,"## What was WOW Air?

WOW Air was the Icelandic answer to RyanAir for low-cost air travel in Europe. Founded in 2011, it operated between Iceland, Europe, Asia, and North America. In 2012 WOW Air took over operations and flight network from another home-grown low-cost carrier, Iceland Express. The airline carried over 400,000 passengers in 2013 and reached its 1 millionth passenger on December 2014. By 2015, WOW Air had expanded its flight operations to North America, with flights to the U.S. starting in 2015, followed by Canada in May 2016. Within the next 2 years, it would also add more destinations in the Middle East as well, like Tel Aviv, Israel.",,Inactive,75,Iceland,Transportation,Transportation,Multiple Reasons,Transportation,Iceland,,False,False,False,,1293840000
fl-118,CircleBack Lending,circleback-lending,,A P2P marketplace for online lending,"## What was Circle Back Lending?

Founded in 2013, Circle Back Lending was launched as an online personal loans marketplace connecting potential borrowers with lenders who could lend them any amount ranging from $1000 payday loans to $35,000 Personal Loans for longer-term reasons (ranging from 36 to 60 months). The APR (Annual Percentage Rate) offered on these loans ranged from 6.63 to 35.82 % (credit cards have an APR between 17-24 %). Circle Back promised a quick inquiry process and a private and secure system that would send cash directly to your account after contact with and approval by a verified and registered lender.",,Inactive,30,United States,Finances,Finances,Bad Business Model,Finances,United States,,False,False,False,,1325376000
fl-119,Aria Insights,aria-insights,,Air vehicles for search and rescue missions,"## What was Aria Insights?

Aria, formerly known as CyPhy Works was a US-based drone manufacturer that specialized in developing highly advanced drones. Their flagship product was called PARC - Persistent Aerial Reconnaissance and Communication, and was a tethered drone that had a particularly long flight time - instead of hours one could measure it in days. The drone was also known for its ability to sustain harsh weather conditions, making it perfect for “rough use”. As such, many of Aria’s clients were related to law enforcement and the military. Aria also targeted clients related to first response, telecommunications and the oil and gas industry.",,Inactive,30,United States,Software & Hardware,Software & Hardware,Multiple Reasons,Software & Hardware,United States,,False,False,False,,1199145600
fl-120,ChaCha,chacha,,Search engine with a live human being,"## What was ChaCha?

ChaCha was a bit of “fresh air” being blown into the search engine industry. Back in 2006 when Facebook was in its infant years and Google had sort of established itself as a frontrunner to being the number one search engine on the Internet, ChaCha arrived seemingly out of nowhere.
In short, what the startup offered was a search engine where you could interact with a live human being - a “guide” of sorts, and then get the guides to manually search for the things that you were looking for on the Internet.
So basically you just sat in the comforts of your own home and instead of having to search for things on your own, you could get someone to do it for you. What you did was simply logging on a chat interface and you told the guide what to search for. You could also chat and interact with the guide during the search.",,Inactive,75,United States,Software & Hardware,Software & Hardware,Competition,Software & Hardware,United States,,False,False,False,,1104537600
fl-121,Shipitwise,shipitwise,,SaaS software for transportation companies,"## What was ShipItWise?

ShipItWise started out as a way of giving an instant, dynamic quote, or shipping price to anyone, anywhere in the world, using a complex algorithm that their engineers wrote. The idea was that instead of calling and sending emails, thus going back and forth, all you had to do was to use their SaaS solution and you’d get an immediate quote - right there on the spot.
Furthermore, ShipItWise signed contracts with large European freight forwarders and engaged smaller, local businesses to handle the shipping. The idea was that these smaller businesses could outsource their logistics departments to ShipItWise.",,Acquired,6,Estonia,Transportation,Transportation,No Market Need,Transportation,Estonia,,False,False,False,,1451606400
fl-122,Call9,call9,,On-demand doctors in emergency situations,"## What was Call9?

Instead of having to call 911 and wait for hours in a nursing room, not knowing if you were going to die or not, Call9 offered a different option. Call9 was especially targeted to patients in the home care industry who needed the urge to speak with a doctor right away about their issues.
The solution was simple. Instead of calling, each patient would be given some medical equipment and an iPad. Using the iPad, the patients could call in to their doctor and get medical advice - in their own living room instead of having to call an ambulance or even drive somewhere by themselves.",,Inactive,175,United States,Health,Health,Bad Business Model,Health,United States,,False,False,False,,1420070400
fl-123,Koinex,koinex,,Cryptocurrency exchange platform,"## What was Koinex?

Koinex started in India in the summer of 2017 and quickly built a big cryptocurrency exchange, reaching a peak in December 2017. During that time, the platform recorded a staggering 246 Million dollars in trading volume and added as much as 45,000 new users during a timespan of only 24 hours!
The idea was to bring the world of cryptocurrencies to India. The platform let users trade Bitcoin, Ethereum, Bitcoin Cash, Ripple and many other well-known cryptocurrencies on a peer to peer basis.
Users could enjoy the benefits of transparent pricing for each currency so that buyers could place bids and sellers could place ‘asks’. Koinex also offered a highly secure wallet where users could store their money.
Koinex also had raised a secretly kept amount of funding from foreign investors.",,Inactive,75,India,Finances,Finances,Legal Challenges,Finances,India,,False,False,False,,1483228800
fl-124,Vreal,vreal,,VR game-streaming platform,"## What was Vreal?

Started in 2015, Vreal was a virtual reality startup that enabled users to create avatars and interact with content creators and players on a shared VR space. The startup managed to snag more than $15 million from VC firms including Axioma Ventures, Upfront Ventures, and Intel Capital. Vreal allowed players to watch immersive content while being inside the game, think of it as ‘Twitch for VR’ (Twitch is a live-streaming platform for gamers). They had more than two dozen employees before they decided to shut shop in August 2019.",,Inactive,30,United States,Entertainment,Entertainment,Bad Timing,Entertainment,United States,,False,False,False,,1420070400
fl-125,Utrip,utrip,,AI-powered travel planning services,"## What was Utrip?

Utrip was a travel planning startup that used Artificial Intelligence and user recommendations to create highly personalized itineraries for its clients. Utrip was started on July 15, 2012, by Gilad Berenstein, his engineer-father Yair Berenstein, and Edan Shahar. They managed to raise a corpus of $4 million from some high profile investors that included Acorn Ventures, Tiempo Capital, and some executives from Apple and Costco.
Apart from helping travelers, they also had a white-label product called Utrip PRO which was sold to hotels, travel agencies, and DMOs (Destination Marketing Organizations) that wanted to offer travel planning on their websites. With millions of traveler profiles and data points gathered through its partnerships, it did look like they had cracked personalization for travelers. But unfortunately, it was not the case.",,Inactive,30,United States,Travel,Travel,Mismanagement of Funds,Travel,United States,,False,False,False,,1325376000
fl-126,Radar Radio,radar-radio,,UK digital radio station,"## What was Radar Radio?

Radar Radio was a London-based and seemingly vibrant online radio station that was seen to be the breeding ground for some of the most talented broadcasters and musicians of the next generation.
The station was renowned for hosting shows that highlighted established as well as new musical talent. Some of the guests that were hosted on these shows include the likes of  JME, Cardi B, and MIA. The station was owned by Ollie Ashley and mainly appealed to the youth across different racial devices, and especially people of color.",,Inactive,30,United Kingdom,Entertainment,Entertainment,Mismanagement of Funds,Entertainment,United Kingdom,,False,False,False,,1199145600
fl-127,Shyp,shyp,,On-demand shipping startup,"## What was Shyp?

The world of on-demand startups has been a lucrative one since the founding and subsequent rise of Uber a decade ago. Shyp wanted to do exactly that with an on-demand shipping service in mind. More precisely, Shyp wanted to provide a service that would allow you to take a photo of whatever you want to be shipped, and then upon uploading it on the accompanying mobile app, have a courier pick it up and deliver it to the company headquarters where employees would then box the item using their own high-end custom-packaging and ship it via a FedEx, UPS, or other similar delivery services.",,Inactive,30,United States,Transportation,Transportation,Multiple Reasons,Transportation,United States,,False,False,False,,1356998400
fl-128,Theranos,theranos,,Consumer healthcare technology company,"## What was Theranos?

Founded in 2003 by then 19-year-old Elizabeth Holmes, biotech upstart Theranos claimed to have devised a way to predict the onset of life-threatening diseases using just small amounts of blood samples—their revolutionary technology requiring only about 1/100 to 1/1,000 of the amount of blood that would ordinarily be needed for pre-existing tests. It then recommended preventative medical cures based on those results. Theranos was hailed as a revolutionary startup that raised more than $700 million in venture capital and private investor funding. At its peak around 2014, the company was valued at a whopping $10 billion.",,Inactive,30,United States,Health,Health,Legal Challenges,Health,United States,,False,False,False,,1041379200
fl-129,Laurel & Wolf,laurel-wolf,,Online interior design marketplace,"## What was Laurel & Wolf?

Launched in 2014 by Laure Fine and Brandon Kleinman, Laurel & Wolf was an online marketplace whose aim was to bring budget-friendly interior design solutions to customers through the Internet. Laurel & Wolf theorized that a  customer would pay a flat consultation fee to be paired up with a  designer over the company’s online platform. Though some small tweaks were made over the model and pricing over the years, its basic premise always revolved around cutting out the middleman to bring quality to the customers, a concept that SF venture funds bet largely on.",,Inactive,75,United States,e-Commerce,e-Commerce,Multiple Reasons,e-Commerce,United States,,False,False,False,,1388534400
fl-130,Stratolaunch,stratolaunch,,Launching rockets into space from airplanes,"## What was Stratolaunch?

Stratolaunch was started as an ambitious project by Microsoft co-founder Paul Allen and Burt Rutan (Founder of Scaled Composites) in 2010. The idea was to utilize the strategy of using a carrier aircraft to launch orbital rockets from the stratosphere. This would give rockets an altitude and speed boost, and supposedly reduce costs in the process.
Following on the footsteps of what SpaceX achieved by privatizing space travel, Stratolaunch wanted to repeat that success with orbital rockets.
They first successfully took off on April 13, 2019. However, barely 2 months after that first successful flight, the Seattle based startup that had the brains and capital from the best of Silicon Valley behind it, ceased operations and was put up for sale in June 2019.
Fortunately, Stratolaunch was able to getacquiredat the end of 2019 by Cerberus Capital Management, a private equity fund.",,Inactive,750,United States,Transportation,Transportation,Lack of Focus,Transportation,United States,,False,False,False,,1262304000
fl-131,Navdy,navdy,,Augmented driving device for cars,"## What was Navdy?

Navdy wanted to revolutionize automotive navigation through a heads-up display (HUD) model that projected the GPS navigation in front of you (much like in an airplane cockpit).
The company's user-friendly device was meant to be installed on the dashboard of a car, right in front of the steering wheel and help make driving much safer by getting people to look straight ahead at the road rather than at their phones.
Navdy also came up with its own ios app that linked up with the main HUD device and provided it with the relevant navigational output to display to the driver.
Navdy’s pitch was quite straightforward. Whereas head-up displays are increasingly common in some cars (generally performance or luxury models), they’re still a relative rarity on mainstream vehicles, and there’s usually no retrofitting possible from the automakers themselves.
Their solution, therefore, was a device that mounted on the dashboard that included a small, transparent display panel within the driver’s line of sight that would project navigational information right in front of the driver.",,Inactive,75,United States,Transportation,Transportation,Multiple Reasons,Transportation,United States,,False,False,False,,1356998400
fl-132,Anki,anki,,Building emotionally intelligent robots,"## What was Anki?

Anki was a robotics and AI startup founded in 2010 that aimed to integrate robotics and IoT (Internet of Things) into children's toys and games. Anki programmed objects so that they could be intelligent and adapt to the physical world, with the aim of solving the problems of positioning, reasoning, and execution in artificial intelligence and robotics.
Their first successful product was the Anki Drive; which combined a toy racing car and track set with an iOS app for controlling and programming the toy cars.
Anki also released other successful products like Anki Overdrive (the successor of Anki Drive) and an interactive toy robot called Cozmo, as well as a more advanced version of Cozmo, called the Vector.
The sophistication of Cozmo even made it to Carnegie Mellon University (the founders’ alma mater), where it was used for college-level robotics classes. Cozmo, in fact, came with programing tools ranging from a simple drag-and-drop interface based on MIT’s Scratch Blocks to a full software development kit in the Python programming language.
According to Boris Sofman, the company’s CEO and co-founder, their goal was to create robots that “feel alive.” This included creating naturalistic imperfections in how they moved around, for example. This was in order to make them appear more lifelike to their human companions.
Anki’s Cozmo and its successor Vector were 2 products that showed quite a high level of sophistication in what was coined as ""AI emotional intelligence""; which in other words means the capacity to show ""emotion"" to new stimuli.
The company received $50 million in Series A and Series B venture funding from Andreessen Horowitz, Index Ventures, and Two Sigma. In September 2014, Anki announced that it had raised another $55 million in Series C venture funding led by JP Morgan.
In June 2016, the company announced its latest round of funding, which amounted to $52.5M, also led by JP Morgan. The total funding to date is $182.5 million.",,Inactive,175,United States,Software & Hardware,Software & Hardware,Lack of Funds,Software & Hardware,United States,,False,False,False,,1262304000
fl-133,Seven Dreamers Laboratories,seven-dreamers-laboratories,,"Robot that washes, dries and irons clothes","## What was Seven Dreamers Laboratories?

Ever since the word “robot” was coined from the Czech wordRobotaas a reference to forced labor, inventors have been trying to bring it to reality. Robots have become an essential component in factories, assembly lines, and other areas where repetitive and tough labor is needed. Their resilience has ensured their success and popularity not as slaves but as a super-productive replacement for their human counterparts.
Robots designed are yet to become an essential part of our home and everyday life, but that still hasn’t deterred companies from trying to develop the perfect home servant. After the success of Roomba as a robot vacuum cleaner, it was the turn of Seven Dreamers Laboratory to come up with a robot that, according to their claim, washed, dried, ironed and even folded laundry.
During their business lifetime, Seven Dreamers received $89 million in venture capital, partnered with Panasonic and Daiwa House Industries Corporation, and even premiered at the 2015 CEATEC consumer electronics show in Tokyo inevitably hyping up the launch of their Laundroid.",,Inactive,175,Japan,Software & Hardware,Software & Hardware,Poor Product,Software & Hardware,Japan,,False,False,False,,1388534400
fl-134,Munchery,munchery,,Gourmet meals at your doorstep,"## What was Munchery?

Back in 2010, Munchery co-founders Tri Tran and Conrad Chu came up with a seemingly brilliant idea in Munchery. Hiring a team of gourmet chefs that would cook up a variety of uniquely crafted, continually changing menus, Munchery allowed users to order this food and have it delivered straight to their doorstep. Customers would then be able to rate the food and the chefs according to their satisfaction. This idea of gourmet meals on-demand allowed the company to raise its most recent $125 million in total funding and was speculated to be valued at $300 million at its peak.",,Inactive,175,United States,Food & Beverage,Food & Beverage,Multiple Reasons,Food & Beverage,United States,,False,False,False,,1293840000
fl-135,Quibi,quibi,,Short-form streaming platform,"An analysis on why did Quibi, a short-form video streaming platform, shut down despite raising $1.8 billion from investors and having an experienced team.",,Inactive,375,United States,Entertainment,Entertainment,Multiple Reasons,Entertainment,United States,,False,False,False,,1514764800
